{
    "negative_binomial": {
        "r": 0.17375049867877368,
        "p": 0.03475363823444672
    },
    "ZINB": {
        "pi": 0.25,
        "r": 0.24890327501910184,
        "p": 0.03419710964516837
    }
}